INSERT INTO USUARIOS (DNI, APELLIDO, NOMBRE, DOMICILIO, FECHA_NAC, ESTADO)
VALUES 
('20123456', 'Fernandez', 'Joaquín', 'Av. Libertador 123', '1985-01-15', 1),
('21123456', 'Martinez', 'Lucía', 'Calle Corrientes 456', '1992-11-25', 1),
('22123456', 'González', 'Pedro', 'San Juan 789', '1980-09-10', 1),
('23123456', 'López', 'María', 'Belgrano 1011', '1975-03-05', 1),
('24123456', 'Sánchez', 'Diego', 'Mitre 2022', '1995-07-12', 1),
('25123456', 'Rodriguez', 'Carla', 'Avenida de Mayo 3033', '1988-06-20', 1),
('26123456', 'García', 'Lucas', 'Rivadavia 4044', '1990-04-01', 1),
('27123456', 'Ramirez', 'Julieta', 'Maipú 5055', '1993-02-15', 1),
('28123456', 'Torres', 'Nicolás', 'Santa Fe 6066', '1978-12-30', 1),
('29123456', 'Dominguez', 'Andrea', '9 de Julio 7077', '1982-10-10', 1),
('30123456', 'Aguirre', 'Ricardo', 'Cabildo 8088', '1981-05-20', 1),
('31123456', 'Morales', 'Daniela', 'Independencia 9099', '1994-08-25', 1),
('32123456', 'Vega', 'Sergio', 'Alvear 10100', '1989-07-17', 1),
('33123456', 'Silva', 'Laura', 'Rosario 11111', '1984-06-05', 1),
('34123456', 'Ruiz', 'Esteban', 'Viamonte 12122', '1979-03-21', 1),
('35123456', 'Molina', 'Camila', 'Córdoba 13133', '1986-09-09', 1),
('36123456', 'Suarez', 'Federico', 'Entre Ríos 14144', '1987-04-14', 1),
('37123456', 'Castro', 'Valeria', 'Pueyrredón 15155', '1983-11-12', 1),
('38123456', 'Ortiz', 'Javier', 'Sarmiento 16166', '1991-02-28', 1),
('39123456', 'Blanco', 'Sofía', 'Perú 17177', '1996-10-25', 1),
('40123456', 'Alvarez', 'Sebastián', 'Piedras 18188', '1982-07-30', 1),
('41123456', 'Navarro', 'Patricia', 'Laprida 19199', '1985-12-15', 1),
('42123456', 'Ramos', 'Martín', 'San Martín 20200', '1987-09-23', 1),
('43123456', 'Pereyra', 'Lorena', 'Saavedra 21211', '1990-11-17', 1),
('44123456', 'Herrera', 'Ignacio', 'Suipacha 22222', '1992-05-29', 1);

INSERT INTO TARJETAS (IDUSUARIO, FECHA_ALTA, SALDO, ESTADO)
VALUES
(1, '2023-01-01', 200.00, 1),
(2, '2023-02-15', 150.50, 1),
(3, '2023-03-10', 300.00, 1),
(4, '2023-04-05', 100.75, 1),
(5, '2023-05-20', 250.25, 1),
(6, '2023-06-30', 180.00, 1),
(7, '2023-07-25', 220.00, 1),
(8, '2023-08-14', 90.50, 1),
(9, '2023-09-01', 175.00, 1),
(10, '2023-10-10', 125.75, 1),
(11, '2023-11-18', 200.00, 1),
(12, '2023-12-05', 300.00, 1),
(13, '2024-01-01', 110.00, 1),
(14, '2024-01-25', 95.25, 1),
(15, '2024-02-10', 135.00, 1),
(16, '2024-02-28', 250.00, 1),
(17, '2024-03-15', 175.00, 1),
(18, '2024-04-01', 225.75, 1),
(19, '2024-04-20', 100.00, 1),
(20, '2024-05-01', 300.00, 1),
(21, '2024-05-15', 180.50, 1),
(22, '2024-06-01', 95.00, 1),
(23, '2024-06-20', 150.00, 1),
(24, '2024-07-05', 125.75, 1),
(25, '2024-07-25', 80.00, 1);

INSERT INTO LINEAS (IDLINEA, NOMBRE, DOMICILIO)
VALUES
(1, 'Línea 101', 'Av. San Martín 1000'),
(2, 'Línea 132', 'Av. Rivadavia 2000'),
(3, 'Línea 168', 'Calle Independencia 3000');

INSERT INTO VIAJES (FECHA, NRO_INTERNO, IDLINEA, IDTARJETA, IMPORTE)
VALUES
('2024-01-02 08:00:00', 101, 1, 1, 18.50),
('2024-01-02 09:00:00', 102, 2, 2, 19.00),
('2024-01-03 10:00:00', 103, 3, 3, 20.50),
('2024-01-04 11:00:00', 104, 1, 4, 18.75),
('2024-01-05 12:00:00', 105, 2, 5, 19.25),
('2024-01-06 13:00:00', 106, 3, 6, 20.00),
('2024-01-07 14:00:00', 107, 1, 7, 18.50),
('2024-01-08 15:00:00', 108, 2, 8, 19.75),
('2024-01-09 16:00:00', 109, 3, 9, 20.25),
('2024-01-10 17:00:00', 110, 1, 10, 18.00);

INSERT INTO MOVIMIENTOS (FECHA, IDTARJETA, IMPORTE, TIPO)
VALUES
('2024-01-01 08:00:00', 1, 50.00, 'C'),
('2024-01-02 09:00:00', 2, 25.00, 'D'),
('2024-01-03 10:00:00', 3, 75.00, 'C'),
('2024-01-04 11:00:00', 4, 20.00, 'D'),
('2024-01-05 12:00:00', 5, 100.00, 'C'),
('2024-01-06 13:00:00', 6, 35.00, 'D'),
('2024-01-07 14:00:00', 7, 60.00, 'C'),
('2024-01-08 15:00:00', 8, 45.00, 'D'),
('2024-01-09 16:00:00', 9, 85.00, 'C'),
('2024-01-10 17:00:00', 10, 30.00, 'D');

